-- phpMyAdmin SQL Dump
-- version 5.0.2
-- https://www.phpmyadmin.net/
--
-- Host: 127.0.0.1
-- Generation Time: Feb 03, 2021 at 06:45 PM
-- Server version: 10.4.11-MariaDB
-- PHP Version: 7.4.5

SET SQL_MODE = "NO_AUTO_VALUE_ON_ZERO";
START TRANSACTION;
SET time_zone = "+00:00";


/*!40101 SET @OLD_CHARACTER_SET_CLIENT=@@CHARACTER_SET_CLIENT */;
/*!40101 SET @OLD_CHARACTER_SET_RESULTS=@@CHARACTER_SET_RESULTS */;
/*!40101 SET @OLD_COLLATION_CONNECTION=@@COLLATION_CONNECTION */;
/*!40101 SET NAMES utf8mb4 */;

--
-- Database: `hotel_pintar`
--

DELIMITER $$
--
-- Procedures
--
CREATE DEFINER=`root`@`localhost` PROCEDURE `Insert Deluxe Double` ()  NO SQL
BEGIN
  DECLARE begin date;
  DECLARE end date;
  SET begin = curdate();
  SET end = curdate();
  SET end = ADDDATE(end,365);
  WHILE (begin <= end) DO
     INSERT INTO vacancies
     (DATE, ROOM_TYPE, VACANT) 
     value 
     (begin, "Deluxe Double",22);
     SET begin = ADDDATE(begin,1);
  END WHILE;
END$$

CREATE DEFINER=`root`@`localhost` PROCEDURE `Insert Deluxe Triple` ()  NO SQL
BEGIN
  DECLARE begin date;
  DECLARE end date;
  SET begin = curdate();
  SET end = curdate();
  SET end = ADDDATE(end,365);
  WHILE (begin <= end) DO
     INSERT INTO vacancies
     (DATE, ROOM_TYPE, VACANT) 
     value 
     (begin, "Deluxe Triple",22);
     SET begin = ADDDATE(begin,1);
  END WHILE;
END$$

CREATE DEFINER=`root`@`localhost` PROCEDURE `Insert Executive` ()  NO SQL
BEGIN
  DECLARE begin date;
  DECLARE end date;
  SET begin = curdate();
  SET end = curdate();
  SET end = ADDDATE(end,365);
  WHILE (begin <= end) DO
     INSERT INTO vacancies
     (DATE, ROOM_TYPE, VACANT) 
     value 
     (begin, "Executive",2);
     SET begin = ADDDATE(begin,1);
  END WHILE;
END$$

CREATE DEFINER=`root`@`localhost` PROCEDURE `Insert Standard` ()  NO SQL
BEGIN
  DECLARE begin date;
  DECLARE end date;
  SET begin = curdate();
  SET end = curdate();
  SET end = ADDDATE(end,365);
  WHILE (begin <= end) DO
     INSERT INTO vacancies
     (DATE, ROOM_TYPE, VACANT) 
     value 
     (begin, "Standard",9);
     SET begin = ADDDATE(begin,1);
  END WHILE;
END$$

DELIMITER ;

-- --------------------------------------------------------

--
-- Table structure for table `account`
--

CREATE TABLE `account` (
  `ACC_ID` varchar(15) NOT NULL,
  `USERNAME` varchar(10) NOT NULL,
  `PASSWORD` varchar(10) NOT NULL,
  `FIRST_N` varchar(20) NOT NULL,
  `LAST_N` varchar(20) NOT NULL,
  `PHONE_NO` int(11) DEFAULT NULL
) ENGINE=InnoDB DEFAULT CHARSET=utf8mb4;

--
-- Dumping data for table `account`
--

INSERT INTO `account` (`ACC_ID`, `USERNAME`, `PASSWORD`, `FIRST_N`, `LAST_N`, `PHONE_NO`) VALUES
('A5ef168dc2d71f', 'david', '123456', 'david', 'beckhem', 123456789),
('A5efc57d33bc2d', 'jojo', '123456', 'Joe', 'Joe', 95847546),
('A5efc57ec8d5c0', 'Preston', '123456', 'Preston', 'Lo', 77536894),
('A5efc5c454d953', 'Abc', '123456789', 'A', 'B', 15948);

-- --------------------------------------------------------

--
-- Table structure for table `payment`
--

CREATE TABLE `payment` (
  `ACC_ID` varchar(15) NOT NULL,
  `ROOM_TYPE` varchar(10) NOT NULL,
  `RES_FROM` date NOT NULL,
  `RES_TO` date NOT NULL,
  `AMOUNT_BEFORE` int(5) NOT NULL,
  `PROMO_CODE` varchar(10) NOT NULL,
  `AMOUNT_AFTER` int(5) NOT NULL,
  `PAY_DATE` date NOT NULL
) ENGINE=InnoDB DEFAULT CHARSET=utf8mb4;

--
-- Dumping data for table `payment`
--

INSERT INTO `payment` (`ACC_ID`, `ROOM_TYPE`, `RES_FROM`, `RES_TO`, `AMOUNT_BEFORE`, `PROMO_CODE`, `AMOUNT_AFTER`, `PAY_DATE`) VALUES
('A5ef168dc2d71f', 'Deluxe Tri', '2020-06-24', '2020-06-25', 140, 'HP456F5', 70, '2020-06-23'),
('A5ef168dc2d71f', 'Executive', '2020-06-26', '2020-06-29', 510, '', 510, '2020-06-23'),
('A5efc5c454d953', 'Deluxe Dou', '2020-07-01', '2020-07-03', 240, '', 240, '2020-07-01');

-- --------------------------------------------------------

--
-- Table structure for table `promotion`
--

CREATE TABLE `promotion` (
  `PROMO_CODE` varchar(15) NOT NULL,
  `PROMO_CREATED` date DEFAULT NULL,
  `PROMO_EXPIRE` date DEFAULT NULL
) ENGINE=InnoDB DEFAULT CHARSET=utf8mb4;

--
-- Dumping data for table `promotion`
--

INSERT INTO `promotion` (`PROMO_CODE`, `PROMO_CREATED`, `PROMO_EXPIRE`) VALUES
('HP123F5', '2020-05-01', '2020-10-01'),
('HP456F5', '2020-04-01', '2020-09-01'),
('HP789F5', '2020-01-01', '2020-05-01');

-- --------------------------------------------------------

--
-- Table structure for table `reservation`
--

CREATE TABLE `reservation` (
  `ACC_ID` varchar(15) NOT NULL,
  `ROOM_TYPE` varchar(15) NOT NULL,
  `RES_FROM` date NOT NULL,
  `RES_TO` date NOT NULL,
  `RES_DATE` date NOT NULL
) ENGINE=InnoDB DEFAULT CHARSET=utf8mb4;

--
-- Dumping data for table `reservation`
--

INSERT INTO `reservation` (`ACC_ID`, `ROOM_TYPE`, `RES_FROM`, `RES_TO`, `RES_DATE`) VALUES
('A5ef168dc2d71f', 'Deluxe Triple', '2020-06-24', '2020-06-25', '2020-06-23'),
('A5ef168dc2d71f', 'Executive', '2020-06-26', '2020-06-29', '2020-06-23'),
('A5efc5c454d953', 'Deluxe Double', '2020-07-01', '2020-07-03', '2020-07-01');

-- --------------------------------------------------------

--
-- Table structure for table `room`
--

CREATE TABLE `room` (
  `ROOM_TYPE` varchar(15) NOT NULL,
  `ROOM_BED_TYPE` varchar(15) NOT NULL,
  `ROOM_PAX` int(2) NOT NULL,
  `ROOM_PRICE` int(5) NOT NULL
) ENGINE=InnoDB DEFAULT CHARSET=utf8mb4;

--
-- Dumping data for table `room`
--

INSERT INTO `room` (`ROOM_TYPE`, `ROOM_BED_TYPE`, `ROOM_PAX`, `ROOM_PRICE`) VALUES
('Deluxe Double', 'King', 2, 120),
('Deluxe Triple', 'Queen+Single', 3, 140),
('Executive', 'King+Single', 3, 170),
('Standard', 'King', 3, 105);

-- --------------------------------------------------------

--
-- Table structure for table `vacancies`
--

CREATE TABLE `vacancies` (
  `DATE` date NOT NULL,
  `ROOM_TYPE` varchar(15) NOT NULL,
  `VACANT` int(2) NOT NULL
) ENGINE=InnoDB DEFAULT CHARSET=utf8mb4;

--
-- Dumping data for table `vacancies`
--

INSERT INTO `vacancies` (`DATE`, `ROOM_TYPE`, `VACANT`) VALUES
('2020-05-09', 'Deluxe Double', 22),
('2020-05-09', 'Deluxe Triple', 22),
('2020-05-09', 'Executive', 2),
('2020-05-09', 'Standard', 9),
('2020-05-10', 'Deluxe Double', 22),
('2020-05-10', 'Deluxe Triple', 22),
('2020-05-10', 'Executive', 2),
('2020-05-10', 'Standard', 9),
('2020-05-11', 'Deluxe Double', 22),
('2020-05-11', 'Deluxe Triple', 22),
('2020-05-11', 'Executive', 2),
('2020-05-11', 'Standard', 9),
('2020-05-12', 'Deluxe Double', 22),
('2020-05-12', 'Deluxe Triple', 22),
('2020-05-12', 'Executive', 2),
('2020-05-12', 'Standard', 9),
('2020-05-13', 'Deluxe Double', 22),
('2020-05-13', 'Deluxe Triple', 22),
('2020-05-13', 'Executive', 2),
('2020-05-13', 'Standard', 9),
('2020-05-14', 'Deluxe Double', 22),
('2020-05-14', 'Deluxe Triple', 22),
('2020-05-14', 'Executive', 1),
('2020-05-14', 'Standard', 9),
('2020-05-15', 'Deluxe Double', 22),
('2020-05-15', 'Deluxe Triple', 22),
('2020-05-15', 'Executive', 1),
('2020-05-15', 'Standard', 9),
('2020-05-16', 'Deluxe Double', 22),
('2020-05-16', 'Deluxe Triple', 22),
('2020-05-16', 'Executive', 1),
('2020-05-16', 'Standard', 9),
('2020-05-17', 'Deluxe Double', 22),
('2020-05-17', 'Deluxe Triple', 22),
('2020-05-17', 'Executive', 1),
('2020-05-17', 'Standard', 9),
('2020-05-18', 'Deluxe Double', 21),
('2020-05-18', 'Deluxe Triple', 21),
('2020-05-18', 'Executive', 1),
('2020-05-18', 'Standard', 9),
('2020-05-19', 'Deluxe Double', 21),
('2020-05-19', 'Deluxe Triple', 21),
('2020-05-19', 'Executive', 1),
('2020-05-19', 'Standard', 9),
('2020-05-20', 'Deluxe Double', 21),
('2020-05-20', 'Deluxe Triple', 21),
('2020-05-20', 'Executive', 1),
('2020-05-20', 'Standard', 9),
('2020-05-21', 'Deluxe Double', 21),
('2020-05-21', 'Deluxe Triple', 21),
('2020-05-21', 'Executive', 1),
('2020-05-21', 'Standard', 9),
('2020-05-22', 'Deluxe Double', 21),
('2020-05-22', 'Deluxe Triple', 21),
('2020-05-22', 'Executive', 1),
('2020-05-22', 'Standard', 9),
('2020-05-23', 'Deluxe Double', 22),
('2020-05-23', 'Deluxe Triple', 21),
('2020-05-23', 'Executive', 1),
('2020-05-23', 'Standard', 9),
('2020-05-24', 'Deluxe Double', 22),
('2020-05-24', 'Deluxe Triple', 21),
('2020-05-24', 'Executive', 1),
('2020-05-24', 'Standard', 9),
('2020-05-25', 'Deluxe Double', 22),
('2020-05-25', 'Deluxe Triple', 21),
('2020-05-25', 'Executive', 1),
('2020-05-25', 'Standard', 9),
('2020-05-26', 'Deluxe Double', 22),
('2020-05-26', 'Deluxe Triple', 21),
('2020-05-26', 'Executive', 1),
('2020-05-26', 'Standard', 9),
('2020-05-27', 'Deluxe Double', 22),
('2020-05-27', 'Deluxe Triple', 21),
('2020-05-27', 'Executive', 0),
('2020-05-27', 'Standard', 9),
('2020-05-28', 'Deluxe Double', 21),
('2020-05-28', 'Deluxe Triple', 21),
('2020-05-28', 'Executive', 0),
('2020-05-28', 'Standard', 8),
('2020-05-29', 'Deluxe Double', 21),
('2020-05-29', 'Deluxe Triple', 20),
('2020-05-29', 'Executive', 1),
('2020-05-29', 'Standard', 8),
('2020-05-30', 'Deluxe Double', 21),
('2020-05-30', 'Deluxe Triple', 20),
('2020-05-30', 'Executive', 2),
('2020-05-30', 'Standard', 8),
('2020-05-31', 'Deluxe Double', 21),
('2020-05-31', 'Deluxe Triple', 21),
('2020-05-31', 'Executive', 2),
('2020-05-31', 'Standard', 8),
('2020-06-01', 'Deluxe Double', 21),
('2020-06-01', 'Deluxe Triple', 21),
('2020-06-01', 'Executive', 2),
('2020-06-01', 'Standard', 9),
('2020-06-02', 'Deluxe Double', 21),
('2020-06-02', 'Deluxe Triple', 21),
('2020-06-02', 'Executive', 2),
('2020-06-02', 'Standard', 9),
('2020-06-03', 'Deluxe Double', 21),
('2020-06-03', 'Deluxe Triple', 22),
('2020-06-03', 'Executive', 2),
('2020-06-03', 'Standard', 9),
('2020-06-04', 'Deluxe Double', 21),
('2020-06-04', 'Deluxe Triple', 22),
('2020-06-04', 'Executive', 2),
('2020-06-04', 'Standard', 9),
('2020-06-05', 'Deluxe Double', 21),
('2020-06-05', 'Deluxe Triple', 22),
('2020-06-05', 'Executive', 2),
('2020-06-05', 'Standard', 9),
('2020-06-06', 'Deluxe Double', 21),
('2020-06-06', 'Deluxe Triple', 22),
('2020-06-06', 'Executive', 2),
('2020-06-06', 'Standard', 9),
('2020-06-07', 'Deluxe Double', 21),
('2020-06-07', 'Deluxe Triple', 21),
('2020-06-07', 'Executive', 1),
('2020-06-07', 'Standard', 9),
('2020-06-08', 'Deluxe Double', 21),
('2020-06-08', 'Deluxe Triple', 21),
('2020-06-08', 'Executive', 1),
('2020-06-08', 'Standard', 9),
('2020-06-09', 'Deluxe Double', 21),
('2020-06-09', 'Deluxe Triple', 21),
('2020-06-09', 'Executive', 1),
('2020-06-09', 'Standard', 9),
('2020-06-10', 'Deluxe Double', 21),
('2020-06-10', 'Deluxe Triple', 21),
('2020-06-10', 'Executive', 1),
('2020-06-10', 'Standard', 9),
('2020-06-11', 'Deluxe Double', 21),
('2020-06-11', 'Deluxe Triple', 21),
('2020-06-11', 'Executive', 2),
('2020-06-11', 'Standard', 9),
('2020-06-12', 'Deluxe Double', 21),
('2020-06-12', 'Deluxe Triple', 21),
('2020-06-12', 'Executive', 2),
('2020-06-12', 'Standard', 9),
('2020-06-13', 'Deluxe Double', 21),
('2020-06-13', 'Deluxe Triple', 21),
('2020-06-13', 'Executive', 2),
('2020-06-13', 'Standard', 9),
('2020-06-14', 'Deluxe Double', 21),
('2020-06-14', 'Deluxe Triple', 21),
('2020-06-14', 'Executive', 2),
('2020-06-14', 'Standard', 9),
('2020-06-15', 'Deluxe Double', 21),
('2020-06-15', 'Deluxe Triple', 21),
('2020-06-15', 'Executive', 2),
('2020-06-15', 'Standard', 9),
('2020-06-16', 'Deluxe Double', 21),
('2020-06-16', 'Deluxe Triple', 21),
('2020-06-16', 'Executive', 2),
('2020-06-16', 'Standard', 9),
('2020-06-17', 'Deluxe Double', 21),
('2020-06-17', 'Deluxe Triple', 22),
('2020-06-17', 'Executive', 2),
('2020-06-17', 'Standard', 9),
('2020-06-18', 'Deluxe Double', 21),
('2020-06-18', 'Deluxe Triple', 22),
('2020-06-18', 'Executive', 2),
('2020-06-18', 'Standard', 9),
('2020-06-19', 'Deluxe Double', 22),
('2020-06-19', 'Deluxe Triple', 22),
('2020-06-19', 'Executive', 2),
('2020-06-19', 'Standard', 9),
('2020-06-20', 'Deluxe Double', 22),
('2020-06-20', 'Deluxe Triple', 22),
('2020-06-20', 'Executive', 2),
('2020-06-20', 'Standard', 9),
('2020-06-21', 'Deluxe Double', 22),
('2020-06-21', 'Deluxe Triple', 22),
('2020-06-21', 'Executive', 2),
('2020-06-21', 'Standard', 9),
('2020-06-22', 'Deluxe Double', 22),
('2020-06-22', 'Deluxe Triple', 22),
('2020-06-22', 'Executive', 2),
('2020-06-22', 'Standard', 9),
('2020-06-23', 'Deluxe Double', 22),
('2020-06-23', 'Deluxe Triple', 22),
('2020-06-23', 'Executive', 2),
('2020-06-23', 'Standard', 9),
('2020-06-24', 'Deluxe Double', 22),
('2020-06-24', 'Deluxe Triple', 21),
('2020-06-24', 'Executive', 2),
('2020-06-24', 'Standard', 8),
('2020-06-25', 'Deluxe Double', 21),
('2020-06-25', 'Deluxe Triple', 21),
('2020-06-25', 'Executive', 2),
('2020-06-25', 'Standard', 8),
('2020-06-26', 'Deluxe Double', 20),
('2020-06-26', 'Deluxe Triple', 21),
('2020-06-26', 'Executive', 1),
('2020-06-26', 'Standard', 8),
('2020-06-27', 'Deluxe Double', 21),
('2020-06-27', 'Deluxe Triple', 21),
('2020-06-27', 'Executive', 1),
('2020-06-27', 'Standard', 9),
('2020-06-28', 'Deluxe Double', 21),
('2020-06-28', 'Deluxe Triple', 21),
('2020-06-28', 'Executive', 1),
('2020-06-28', 'Standard', 9),
('2020-06-29', 'Deluxe Double', 21),
('2020-06-29', 'Deluxe Triple', 22),
('2020-06-29', 'Executive', 1),
('2020-06-29', 'Standard', 9),
('2020-06-30', 'Deluxe Double', 21),
('2020-06-30', 'Deluxe Triple', 22),
('2020-06-30', 'Executive', 2),
('2020-06-30', 'Standard', 9),
('2020-07-01', 'Deluxe Double', 20),
('2020-07-01', 'Deluxe Triple', 22),
('2020-07-01', 'Executive', 1),
('2020-07-01', 'Standard', 9),
('2020-07-02', 'Deluxe Double', 21),
('2020-07-02', 'Deluxe Triple', 22),
('2020-07-02', 'Executive', 1),
('2020-07-02', 'Standard', 9),
('2020-07-03', 'Deluxe Double', 21),
('2020-07-03', 'Deluxe Triple', 22),
('2020-07-03', 'Executive', 1),
('2020-07-03', 'Standard', 9),
('2020-07-04', 'Deluxe Double', 22),
('2020-07-04', 'Deluxe Triple', 22),
('2020-07-04', 'Executive', 2),
('2020-07-04', 'Standard', 9),
('2020-07-05', 'Deluxe Double', 22),
('2020-07-05', 'Deluxe Triple', 22),
('2020-07-05', 'Executive', 2),
('2020-07-05', 'Standard', 9),
('2020-07-06', 'Deluxe Double', 21),
('2020-07-06', 'Deluxe Triple', 22),
('2020-07-06', 'Executive', 2),
('2020-07-06', 'Standard', 9),
('2020-07-07', 'Deluxe Double', 21),
('2020-07-07', 'Deluxe Triple', 22),
('2020-07-07', 'Executive', 2),
('2020-07-07', 'Standard', 9),
('2020-07-08', 'Deluxe Double', 21),
('2020-07-08', 'Deluxe Triple', 22),
('2020-07-08', 'Executive', 2),
('2020-07-08', 'Standard', 9),
('2020-07-09', 'Deluxe Double', 21),
('2020-07-09', 'Deluxe Triple', 22),
('2020-07-09', 'Executive', 2),
('2020-07-09', 'Standard', 9),
('2020-07-10', 'Deluxe Double', 21),
('2020-07-10', 'Deluxe Triple', 22),
('2020-07-10', 'Executive', 2),
('2020-07-10', 'Standard', 9),
('2020-07-11', 'Deluxe Double', 21),
('2020-07-11', 'Deluxe Triple', 22),
('2020-07-11', 'Executive', 2),
('2020-07-11', 'Standard', 9),
('2020-07-12', 'Deluxe Double', 21),
('2020-07-12', 'Deluxe Triple', 22),
('2020-07-12', 'Executive', 2),
('2020-07-12', 'Standard', 9),
('2020-07-13', 'Deluxe Double', 21),
('2020-07-13', 'Deluxe Triple', 22),
('2020-07-13', 'Executive', 2),
('2020-07-13', 'Standard', 9),
('2020-07-14', 'Deluxe Double', 21),
('2020-07-14', 'Deluxe Triple', 22),
('2020-07-14', 'Executive', 2),
('2020-07-14', 'Standard', 9),
('2020-07-15', 'Deluxe Double', 21),
('2020-07-15', 'Deluxe Triple', 22),
('2020-07-15', 'Executive', 2),
('2020-07-15', 'Standard', 9),
('2020-07-16', 'Deluxe Double', 21),
('2020-07-16', 'Deluxe Triple', 22),
('2020-07-16', 'Executive', 2),
('2020-07-16', 'Standard', 9),
('2020-07-17', 'Deluxe Double', 21),
('2020-07-17', 'Deluxe Triple', 22),
('2020-07-17', 'Executive', 2),
('2020-07-17', 'Standard', 9),
('2020-07-18', 'Deluxe Double', 22),
('2020-07-18', 'Deluxe Triple', 22),
('2020-07-18', 'Executive', 2),
('2020-07-18', 'Standard', 9),
('2020-07-19', 'Deluxe Double', 22),
('2020-07-19', 'Deluxe Triple', 22),
('2020-07-19', 'Executive', 2),
('2020-07-19', 'Standard', 9),
('2020-07-20', 'Deluxe Double', 22),
('2020-07-20', 'Deluxe Triple', 22),
('2020-07-20', 'Executive', 2),
('2020-07-20', 'Standard', 9),
('2020-07-21', 'Deluxe Double', 22),
('2020-07-21', 'Deluxe Triple', 22),
('2020-07-21', 'Executive', 2),
('2020-07-21', 'Standard', 9),
('2020-07-22', 'Deluxe Double', 22),
('2020-07-22', 'Deluxe Triple', 22),
('2020-07-22', 'Executive', 2),
('2020-07-22', 'Standard', 9),
('2020-07-23', 'Deluxe Double', 22),
('2020-07-23', 'Deluxe Triple', 22),
('2020-07-23', 'Executive', 2),
('2020-07-23', 'Standard', 9),
('2020-07-24', 'Deluxe Double', 22),
('2020-07-24', 'Deluxe Triple', 22),
('2020-07-24', 'Executive', 2),
('2020-07-24', 'Standard', 9),
('2020-07-25', 'Deluxe Double', 22),
('2020-07-25', 'Deluxe Triple', 22),
('2020-07-25', 'Executive', 2),
('2020-07-25', 'Standard', 9),
('2020-07-26', 'Deluxe Double', 22),
('2020-07-26', 'Deluxe Triple', 22),
('2020-07-26', 'Executive', 2),
('2020-07-26', 'Standard', 9),
('2020-07-27', 'Deluxe Double', 22),
('2020-07-27', 'Deluxe Triple', 22),
('2020-07-27', 'Executive', 2),
('2020-07-27', 'Standard', 9),
('2020-07-28', 'Deluxe Double', 22),
('2020-07-28', 'Deluxe Triple', 22),
('2020-07-28', 'Executive', 2),
('2020-07-28', 'Standard', 9),
('2020-07-29', 'Deluxe Double', 22),
('2020-07-29', 'Deluxe Triple', 22),
('2020-07-29', 'Executive', 2),
('2020-07-29', 'Standard', 9),
('2020-07-30', 'Deluxe Double', 22),
('2020-07-30', 'Deluxe Triple', 22),
('2020-07-30', 'Executive', 2),
('2020-07-30', 'Standard', 9),
('2020-07-31', 'Deluxe Double', 22),
('2020-07-31', 'Deluxe Triple', 22),
('2020-07-31', 'Executive', 2),
('2020-07-31', 'Standard', 9),
('2020-08-01', 'Deluxe Double', 22),
('2020-08-01', 'Deluxe Triple', 22),
('2020-08-01', 'Executive', 2),
('2020-08-01', 'Standard', 9),
('2020-08-02', 'Deluxe Double', 22),
('2020-08-02', 'Deluxe Triple', 22),
('2020-08-02', 'Executive', 2),
('2020-08-02', 'Standard', 9),
('2020-08-03', 'Deluxe Double', 22),
('2020-08-03', 'Deluxe Triple', 22),
('2020-08-03', 'Executive', 2),
('2020-08-03', 'Standard', 9),
('2020-08-04', 'Deluxe Double', 22),
('2020-08-04', 'Deluxe Triple', 22),
('2020-08-04', 'Executive', 2),
('2020-08-04', 'Standard', 9),
('2020-08-05', 'Deluxe Double', 22),
('2020-08-05', 'Deluxe Triple', 22),
('2020-08-05', 'Executive', 2),
('2020-08-05', 'Standard', 9),
('2020-08-06', 'Deluxe Double', 22),
('2020-08-06', 'Deluxe Triple', 22),
('2020-08-06', 'Executive', 2),
('2020-08-06', 'Standard', 9),
('2020-08-07', 'Deluxe Double', 22),
('2020-08-07', 'Deluxe Triple', 22),
('2020-08-07', 'Executive', 2),
('2020-08-07', 'Standard', 9),
('2020-08-08', 'Deluxe Double', 22),
('2020-08-08', 'Deluxe Triple', 22),
('2020-08-08', 'Executive', 2),
('2020-08-08', 'Standard', 9),
('2020-08-09', 'Deluxe Double', 22),
('2020-08-09', 'Deluxe Triple', 22),
('2020-08-09', 'Executive', 2),
('2020-08-09', 'Standard', 9),
('2020-08-10', 'Deluxe Double', 22),
('2020-08-10', 'Deluxe Triple', 22),
('2020-08-10', 'Executive', 2),
('2020-08-10', 'Standard', 9),
('2020-08-11', 'Deluxe Double', 22),
('2020-08-11', 'Deluxe Triple', 22),
('2020-08-11', 'Executive', 2),
('2020-08-11', 'Standard', 9),
('2020-08-12', 'Deluxe Double', 22),
('2020-08-12', 'Deluxe Triple', 22),
('2020-08-12', 'Executive', 2),
('2020-08-12', 'Standard', 9),
('2020-08-13', 'Deluxe Double', 22),
('2020-08-13', 'Deluxe Triple', 22),
('2020-08-13', 'Executive', 2),
('2020-08-13', 'Standard', 9),
('2020-08-14', 'Deluxe Double', 22),
('2020-08-14', 'Deluxe Triple', 22),
('2020-08-14', 'Executive', 2),
('2020-08-14', 'Standard', 9),
('2020-08-15', 'Deluxe Double', 22),
('2020-08-15', 'Deluxe Triple', 22),
('2020-08-15', 'Executive', 2),
('2020-08-15', 'Standard', 9),
('2020-08-16', 'Deluxe Double', 22),
('2020-08-16', 'Deluxe Triple', 22),
('2020-08-16', 'Executive', 2),
('2020-08-16', 'Standard', 9),
('2020-08-17', 'Deluxe Double', 22),
('2020-08-17', 'Deluxe Triple', 22),
('2020-08-17', 'Executive', 2),
('2020-08-17', 'Standard', 9),
('2020-08-18', 'Deluxe Double', 22),
('2020-08-18', 'Deluxe Triple', 22),
('2020-08-18', 'Executive', 2),
('2020-08-18', 'Standard', 9),
('2020-08-19', 'Deluxe Double', 22),
('2020-08-19', 'Deluxe Triple', 22),
('2020-08-19', 'Executive', 2),
('2020-08-19', 'Standard', 9),
('2020-08-20', 'Deluxe Double', 22),
('2020-08-20', 'Deluxe Triple', 22),
('2020-08-20', 'Executive', 2),
('2020-08-20', 'Standard', 9),
('2020-08-21', 'Deluxe Double', 22),
('2020-08-21', 'Deluxe Triple', 22),
('2020-08-21', 'Executive', 2),
('2020-08-21', 'Standard', 9),
('2020-08-22', 'Deluxe Double', 22),
('2020-08-22', 'Deluxe Triple', 22),
('2020-08-22', 'Executive', 2),
('2020-08-22', 'Standard', 9),
('2020-08-23', 'Deluxe Double', 22),
('2020-08-23', 'Deluxe Triple', 22),
('2020-08-23', 'Executive', 2),
('2020-08-23', 'Standard', 9),
('2020-08-24', 'Deluxe Double', 22),
('2020-08-24', 'Deluxe Triple', 22),
('2020-08-24', 'Executive', 2),
('2020-08-24', 'Standard', 9),
('2020-08-25', 'Deluxe Double', 22),
('2020-08-25', 'Deluxe Triple', 22),
('2020-08-25', 'Executive', 2),
('2020-08-25', 'Standard', 9),
('2020-08-26', 'Deluxe Double', 22),
('2020-08-26', 'Deluxe Triple', 22),
('2020-08-26', 'Executive', 2),
('2020-08-26', 'Standard', 9),
('2020-08-27', 'Deluxe Double', 22),
('2020-08-27', 'Deluxe Triple', 22),
('2020-08-27', 'Executive', 2),
('2020-08-27', 'Standard', 9),
('2020-08-28', 'Deluxe Double', 22),
('2020-08-28', 'Deluxe Triple', 22),
('2020-08-28', 'Executive', 2),
('2020-08-28', 'Standard', 9),
('2020-08-29', 'Deluxe Double', 22),
('2020-08-29', 'Deluxe Triple', 22),
('2020-08-29', 'Executive', 2),
('2020-08-29', 'Standard', 9),
('2020-08-30', 'Deluxe Double', 22),
('2020-08-30', 'Deluxe Triple', 22),
('2020-08-30', 'Executive', 2),
('2020-08-30', 'Standard', 9),
('2020-08-31', 'Deluxe Double', 22),
('2020-08-31', 'Deluxe Triple', 22),
('2020-08-31', 'Executive', 2),
('2020-08-31', 'Standard', 9),
('2020-09-01', 'Deluxe Double', 22),
('2020-09-01', 'Deluxe Triple', 22),
('2020-09-01', 'Executive', 2),
('2020-09-01', 'Standard', 9),
('2020-09-02', 'Deluxe Double', 22),
('2020-09-02', 'Deluxe Triple', 22),
('2020-09-02', 'Executive', 2),
('2020-09-02', 'Standard', 9),
('2020-09-03', 'Deluxe Double', 22),
('2020-09-03', 'Deluxe Triple', 22),
('2020-09-03', 'Executive', 2),
('2020-09-03', 'Standard', 9),
('2020-09-04', 'Deluxe Double', 22),
('2020-09-04', 'Deluxe Triple', 22),
('2020-09-04', 'Executive', 2),
('2020-09-04', 'Standard', 9),
('2020-09-05', 'Deluxe Double', 22),
('2020-09-05', 'Deluxe Triple', 22),
('2020-09-05', 'Executive', 2),
('2020-09-05', 'Standard', 9),
('2020-09-06', 'Deluxe Double', 22),
('2020-09-06', 'Deluxe Triple', 22),
('2020-09-06', 'Executive', 2),
('2020-09-06', 'Standard', 9),
('2020-09-07', 'Deluxe Double', 22),
('2020-09-07', 'Deluxe Triple', 22),
('2020-09-07', 'Executive', 2),
('2020-09-07', 'Standard', 9),
('2020-09-08', 'Deluxe Double', 22),
('2020-09-08', 'Deluxe Triple', 22),
('2020-09-08', 'Executive', 2),
('2020-09-08', 'Standard', 9),
('2020-09-09', 'Deluxe Double', 22),
('2020-09-09', 'Deluxe Triple', 22),
('2020-09-09', 'Executive', 2),
('2020-09-09', 'Standard', 9),
('2020-09-10', 'Deluxe Double', 22),
('2020-09-10', 'Deluxe Triple', 22),
('2020-09-10', 'Executive', 2),
('2020-09-10', 'Standard', 9),
('2020-09-11', 'Deluxe Double', 22),
('2020-09-11', 'Deluxe Triple', 22),
('2020-09-11', 'Executive', 2),
('2020-09-11', 'Standard', 9),
('2020-09-12', 'Deluxe Double', 22),
('2020-09-12', 'Deluxe Triple', 22),
('2020-09-12', 'Executive', 2),
('2020-09-12', 'Standard', 9),
('2020-09-13', 'Deluxe Double', 22),
('2020-09-13', 'Deluxe Triple', 22),
('2020-09-13', 'Executive', 2),
('2020-09-13', 'Standard', 9),
('2020-09-14', 'Deluxe Double', 22),
('2020-09-14', 'Deluxe Triple', 22),
('2020-09-14', 'Executive', 2),
('2020-09-14', 'Standard', 9),
('2020-09-15', 'Deluxe Double', 22),
('2020-09-15', 'Deluxe Triple', 22),
('2020-09-15', 'Executive', 2),
('2020-09-15', 'Standard', 9),
('2020-09-16', 'Deluxe Double', 22),
('2020-09-16', 'Deluxe Triple', 22),
('2020-09-16', 'Executive', 2),
('2020-09-16', 'Standard', 9),
('2020-09-17', 'Deluxe Double', 22),
('2020-09-17', 'Deluxe Triple', 22),
('2020-09-17', 'Executive', 2),
('2020-09-17', 'Standard', 9),
('2020-09-18', 'Deluxe Double', 22),
('2020-09-18', 'Deluxe Triple', 22),
('2020-09-18', 'Executive', 2),
('2020-09-18', 'Standard', 9),
('2020-09-19', 'Deluxe Double', 22),
('2020-09-19', 'Deluxe Triple', 22),
('2020-09-19', 'Executive', 2),
('2020-09-19', 'Standard', 9),
('2020-09-20', 'Deluxe Double', 22),
('2020-09-20', 'Deluxe Triple', 22),
('2020-09-20', 'Executive', 2),
('2020-09-20', 'Standard', 9),
('2020-09-21', 'Deluxe Double', 22),
('2020-09-21', 'Deluxe Triple', 22),
('2020-09-21', 'Executive', 2),
('2020-09-21', 'Standard', 9),
('2020-09-22', 'Deluxe Double', 22),
('2020-09-22', 'Deluxe Triple', 22),
('2020-09-22', 'Executive', 2),
('2020-09-22', 'Standard', 9),
('2020-09-23', 'Deluxe Double', 22),
('2020-09-23', 'Deluxe Triple', 22),
('2020-09-23', 'Executive', 2),
('2020-09-23', 'Standard', 9),
('2020-09-24', 'Deluxe Double', 22),
('2020-09-24', 'Deluxe Triple', 22),
('2020-09-24', 'Executive', 2),
('2020-09-24', 'Standard', 9),
('2020-09-25', 'Deluxe Double', 22),
('2020-09-25', 'Deluxe Triple', 22),
('2020-09-25', 'Executive', 2),
('2020-09-25', 'Standard', 9),
('2020-09-26', 'Deluxe Double', 22),
('2020-09-26', 'Deluxe Triple', 22),
('2020-09-26', 'Executive', 2),
('2020-09-26', 'Standard', 9),
('2020-09-27', 'Deluxe Double', 22),
('2020-09-27', 'Deluxe Triple', 22),
('2020-09-27', 'Executive', 2),
('2020-09-27', 'Standard', 9),
('2020-09-28', 'Deluxe Double', 22),
('2020-09-28', 'Deluxe Triple', 22),
('2020-09-28', 'Executive', 2),
('2020-09-28', 'Standard', 9),
('2020-09-29', 'Deluxe Double', 22),
('2020-09-29', 'Deluxe Triple', 22),
('2020-09-29', 'Executive', 2),
('2020-09-29', 'Standard', 9),
('2020-09-30', 'Deluxe Double', 22),
('2020-09-30', 'Deluxe Triple', 22),
('2020-09-30', 'Executive', 2),
('2020-09-30', 'Standard', 9),
('2020-10-01', 'Deluxe Double', 22),
('2020-10-01', 'Deluxe Triple', 22),
('2020-10-01', 'Executive', 2),
('2020-10-01', 'Standard', 9),
('2020-10-02', 'Deluxe Double', 22),
('2020-10-02', 'Deluxe Triple', 22),
('2020-10-02', 'Executive', 2),
('2020-10-02', 'Standard', 9),
('2020-10-03', 'Deluxe Double', 22),
('2020-10-03', 'Deluxe Triple', 22),
('2020-10-03', 'Executive', 2),
('2020-10-03', 'Standard', 9),
('2020-10-04', 'Deluxe Double', 22),
('2020-10-04', 'Deluxe Triple', 22),
('2020-10-04', 'Executive', 2),
('2020-10-04', 'Standard', 9),
('2020-10-05', 'Deluxe Double', 22),
('2020-10-05', 'Deluxe Triple', 22),
('2020-10-05', 'Executive', 2),
('2020-10-05', 'Standard', 9),
('2020-10-06', 'Deluxe Double', 22),
('2020-10-06', 'Deluxe Triple', 22),
('2020-10-06', 'Executive', 2),
('2020-10-06', 'Standard', 9),
('2020-10-07', 'Deluxe Double', 22),
('2020-10-07', 'Deluxe Triple', 22),
('2020-10-07', 'Executive', 2),
('2020-10-07', 'Standard', 9),
('2020-10-08', 'Deluxe Double', 22),
('2020-10-08', 'Deluxe Triple', 22),
('2020-10-08', 'Executive', 2),
('2020-10-08', 'Standard', 9),
('2020-10-09', 'Deluxe Double', 22),
('2020-10-09', 'Deluxe Triple', 22),
('2020-10-09', 'Executive', 2),
('2020-10-09', 'Standard', 9),
('2020-10-10', 'Deluxe Double', 22),
('2020-10-10', 'Deluxe Triple', 22),
('2020-10-10', 'Executive', 2),
('2020-10-10', 'Standard', 9),
('2020-10-11', 'Deluxe Double', 22),
('2020-10-11', 'Deluxe Triple', 22),
('2020-10-11', 'Executive', 2),
('2020-10-11', 'Standard', 9),
('2020-10-12', 'Deluxe Double', 22),
('2020-10-12', 'Deluxe Triple', 22),
('2020-10-12', 'Executive', 2),
('2020-10-12', 'Standard', 9),
('2020-10-13', 'Deluxe Double', 22),
('2020-10-13', 'Deluxe Triple', 22),
('2020-10-13', 'Executive', 2),
('2020-10-13', 'Standard', 9),
('2020-10-14', 'Deluxe Double', 22),
('2020-10-14', 'Deluxe Triple', 22),
('2020-10-14', 'Executive', 2),
('2020-10-14', 'Standard', 9),
('2020-10-15', 'Deluxe Double', 22),
('2020-10-15', 'Deluxe Triple', 22),
('2020-10-15', 'Executive', 2),
('2020-10-15', 'Standard', 9),
('2020-10-16', 'Deluxe Double', 22),
('2020-10-16', 'Deluxe Triple', 22),
('2020-10-16', 'Executive', 2),
('2020-10-16', 'Standard', 9),
('2020-10-17', 'Deluxe Double', 22),
('2020-10-17', 'Deluxe Triple', 22),
('2020-10-17', 'Executive', 2),
('2020-10-17', 'Standard', 9),
('2020-10-18', 'Deluxe Double', 22),
('2020-10-18', 'Deluxe Triple', 22),
('2020-10-18', 'Executive', 2),
('2020-10-18', 'Standard', 9),
('2020-10-19', 'Deluxe Double', 22),
('2020-10-19', 'Deluxe Triple', 22),
('2020-10-19', 'Executive', 2),
('2020-10-19', 'Standard', 9),
('2020-10-20', 'Deluxe Double', 22),
('2020-10-20', 'Deluxe Triple', 22),
('2020-10-20', 'Executive', 2),
('2020-10-20', 'Standard', 9),
('2020-10-21', 'Deluxe Double', 22),
('2020-10-21', 'Deluxe Triple', 22),
('2020-10-21', 'Executive', 2),
('2020-10-21', 'Standard', 9),
('2020-10-22', 'Deluxe Double', 22),
('2020-10-22', 'Deluxe Triple', 22),
('2020-10-22', 'Executive', 2),
('2020-10-22', 'Standard', 9),
('2020-10-23', 'Deluxe Double', 22),
('2020-10-23', 'Deluxe Triple', 22),
('2020-10-23', 'Executive', 2),
('2020-10-23', 'Standard', 9),
('2020-10-24', 'Deluxe Double', 22),
('2020-10-24', 'Deluxe Triple', 22),
('2020-10-24', 'Executive', 2),
('2020-10-24', 'Standard', 9),
('2020-10-25', 'Deluxe Double', 22),
('2020-10-25', 'Deluxe Triple', 22),
('2020-10-25', 'Executive', 2),
('2020-10-25', 'Standard', 9),
('2020-10-26', 'Deluxe Double', 22),
('2020-10-26', 'Deluxe Triple', 22),
('2020-10-26', 'Executive', 2),
('2020-10-26', 'Standard', 9),
('2020-10-27', 'Deluxe Double', 22),
('2020-10-27', 'Deluxe Triple', 22),
('2020-10-27', 'Executive', 2),
('2020-10-27', 'Standard', 9),
('2020-10-28', 'Deluxe Double', 22),
('2020-10-28', 'Deluxe Triple', 22),
('2020-10-28', 'Executive', 2),
('2020-10-28', 'Standard', 9),
('2020-10-29', 'Deluxe Double', 22),
('2020-10-29', 'Deluxe Triple', 22),
('2020-10-29', 'Executive', 2),
('2020-10-29', 'Standard', 9),
('2020-10-30', 'Deluxe Double', 22),
('2020-10-30', 'Deluxe Triple', 22),
('2020-10-30', 'Executive', 2),
('2020-10-30', 'Standard', 9),
('2020-10-31', 'Deluxe Double', 22),
('2020-10-31', 'Deluxe Triple', 22),
('2020-10-31', 'Executive', 2),
('2020-10-31', 'Standard', 9),
('2020-11-01', 'Deluxe Double', 22),
('2020-11-01', 'Deluxe Triple', 22),
('2020-11-01', 'Executive', 2),
('2020-11-01', 'Standard', 9),
('2020-11-02', 'Deluxe Double', 22),
('2020-11-02', 'Deluxe Triple', 22),
('2020-11-02', 'Executive', 2),
('2020-11-02', 'Standard', 9),
('2020-11-03', 'Deluxe Double', 22),
('2020-11-03', 'Deluxe Triple', 22),
('2020-11-03', 'Executive', 2),
('2020-11-03', 'Standard', 9),
('2020-11-04', 'Deluxe Double', 22),
('2020-11-04', 'Deluxe Triple', 22),
('2020-11-04', 'Executive', 2),
('2020-11-04', 'Standard', 9),
('2020-11-05', 'Deluxe Double', 22),
('2020-11-05', 'Deluxe Triple', 22),
('2020-11-05', 'Executive', 2),
('2020-11-05', 'Standard', 9),
('2020-11-06', 'Deluxe Double', 22),
('2020-11-06', 'Deluxe Triple', 22),
('2020-11-06', 'Executive', 2),
('2020-11-06', 'Standard', 9),
('2020-11-07', 'Deluxe Double', 22),
('2020-11-07', 'Deluxe Triple', 22),
('2020-11-07', 'Executive', 2),
('2020-11-07', 'Standard', 9),
('2020-11-08', 'Deluxe Double', 22),
('2020-11-08', 'Deluxe Triple', 22),
('2020-11-08', 'Executive', 2),
('2020-11-08', 'Standard', 9),
('2020-11-09', 'Deluxe Double', 22),
('2020-11-09', 'Deluxe Triple', 22),
('2020-11-09', 'Executive', 2),
('2020-11-09', 'Standard', 9),
('2020-11-10', 'Deluxe Double', 22),
('2020-11-10', 'Deluxe Triple', 22),
('2020-11-10', 'Executive', 2),
('2020-11-10', 'Standard', 9),
('2020-11-11', 'Deluxe Double', 22),
('2020-11-11', 'Deluxe Triple', 22),
('2020-11-11', 'Executive', 2),
('2020-11-11', 'Standard', 9),
('2020-11-12', 'Deluxe Double', 22),
('2020-11-12', 'Deluxe Triple', 22),
('2020-11-12', 'Executive', 2),
('2020-11-12', 'Standard', 9),
('2020-11-13', 'Deluxe Double', 22),
('2020-11-13', 'Deluxe Triple', 22),
('2020-11-13', 'Executive', 2),
('2020-11-13', 'Standard', 9),
('2020-11-14', 'Deluxe Double', 22),
('2020-11-14', 'Deluxe Triple', 22),
('2020-11-14', 'Executive', 2),
('2020-11-14', 'Standard', 9),
('2020-11-15', 'Deluxe Double', 22),
('2020-11-15', 'Deluxe Triple', 22),
('2020-11-15', 'Executive', 2),
('2020-11-15', 'Standard', 9),
('2020-11-16', 'Deluxe Double', 22),
('2020-11-16', 'Deluxe Triple', 22),
('2020-11-16', 'Executive', 2),
('2020-11-16', 'Standard', 9),
('2020-11-17', 'Deluxe Double', 22),
('2020-11-17', 'Deluxe Triple', 22),
('2020-11-17', 'Executive', 2),
('2020-11-17', 'Standard', 9),
('2020-11-18', 'Deluxe Double', 22),
('2020-11-18', 'Deluxe Triple', 22),
('2020-11-18', 'Executive', 2),
('2020-11-18', 'Standard', 9),
('2020-11-19', 'Deluxe Double', 22),
('2020-11-19', 'Deluxe Triple', 22),
('2020-11-19', 'Executive', 2),
('2020-11-19', 'Standard', 9),
('2020-11-20', 'Deluxe Double', 22),
('2020-11-20', 'Deluxe Triple', 22),
('2020-11-20', 'Executive', 2),
('2020-11-20', 'Standard', 9),
('2020-11-21', 'Deluxe Double', 22),
('2020-11-21', 'Deluxe Triple', 22),
('2020-11-21', 'Executive', 2),
('2020-11-21', 'Standard', 9),
('2020-11-22', 'Deluxe Double', 22),
('2020-11-22', 'Deluxe Triple', 22),
('2020-11-22', 'Executive', 2),
('2020-11-22', 'Standard', 9),
('2020-11-23', 'Deluxe Double', 22),
('2020-11-23', 'Deluxe Triple', 22),
('2020-11-23', 'Executive', 2),
('2020-11-23', 'Standard', 9),
('2020-11-24', 'Deluxe Double', 22),
('2020-11-24', 'Deluxe Triple', 22),
('2020-11-24', 'Executive', 2),
('2020-11-24', 'Standard', 9),
('2020-11-25', 'Deluxe Double', 22),
('2020-11-25', 'Deluxe Triple', 22),
('2020-11-25', 'Executive', 2),
('2020-11-25', 'Standard', 9),
('2020-11-26', 'Deluxe Double', 22),
('2020-11-26', 'Deluxe Triple', 22),
('2020-11-26', 'Executive', 2),
('2020-11-26', 'Standard', 9),
('2020-11-27', 'Deluxe Double', 22),
('2020-11-27', 'Deluxe Triple', 22),
('2020-11-27', 'Executive', 2),
('2020-11-27', 'Standard', 9),
('2020-11-28', 'Deluxe Double', 22),
('2020-11-28', 'Deluxe Triple', 22),
('2020-11-28', 'Executive', 2),
('2020-11-28', 'Standard', 9),
('2020-11-29', 'Deluxe Double', 22),
('2020-11-29', 'Deluxe Triple', 22),
('2020-11-29', 'Executive', 2),
('2020-11-29', 'Standard', 9),
('2020-11-30', 'Deluxe Double', 22),
('2020-11-30', 'Deluxe Triple', 22),
('2020-11-30', 'Executive', 2),
('2020-11-30', 'Standard', 9),
('2020-12-01', 'Deluxe Double', 22),
('2020-12-01', 'Deluxe Triple', 22),
('2020-12-01', 'Executive', 2),
('2020-12-01', 'Standard', 9),
('2020-12-02', 'Deluxe Double', 22),
('2020-12-02', 'Deluxe Triple', 22),
('2020-12-02', 'Executive', 2),
('2020-12-02', 'Standard', 9),
('2020-12-03', 'Deluxe Double', 22),
('2020-12-03', 'Deluxe Triple', 22),
('2020-12-03', 'Executive', 2),
('2020-12-03', 'Standard', 9),
('2020-12-04', 'Deluxe Double', 22),
('2020-12-04', 'Deluxe Triple', 22),
('2020-12-04', 'Executive', 2),
('2020-12-04', 'Standard', 9),
('2020-12-05', 'Deluxe Double', 22),
('2020-12-05', 'Deluxe Triple', 22),
('2020-12-05', 'Executive', 2),
('2020-12-05', 'Standard', 9),
('2020-12-06', 'Deluxe Double', 22),
('2020-12-06', 'Deluxe Triple', 22),
('2020-12-06', 'Executive', 2),
('2020-12-06', 'Standard', 9),
('2020-12-07', 'Deluxe Double', 22),
('2020-12-07', 'Deluxe Triple', 22),
('2020-12-07', 'Executive', 2),
('2020-12-07', 'Standard', 9),
('2020-12-08', 'Deluxe Double', 22),
('2020-12-08', 'Deluxe Triple', 22),
('2020-12-08', 'Executive', 2),
('2020-12-08', 'Standard', 9),
('2020-12-09', 'Deluxe Double', 22),
('2020-12-09', 'Deluxe Triple', 22),
('2020-12-09', 'Executive', 2),
('2020-12-09', 'Standard', 9),
('2020-12-10', 'Deluxe Double', 22),
('2020-12-10', 'Deluxe Triple', 22),
('2020-12-10', 'Executive', 2),
('2020-12-10', 'Standard', 9),
('2020-12-11', 'Deluxe Double', 22),
('2020-12-11', 'Deluxe Triple', 22),
('2020-12-11', 'Executive', 2),
('2020-12-11', 'Standard', 9),
('2020-12-12', 'Deluxe Double', 22),
('2020-12-12', 'Deluxe Triple', 22),
('2020-12-12', 'Executive', 2),
('2020-12-12', 'Standard', 9),
('2020-12-13', 'Deluxe Double', 22),
('2020-12-13', 'Deluxe Triple', 22),
('2020-12-13', 'Executive', 2),
('2020-12-13', 'Standard', 9),
('2020-12-14', 'Deluxe Double', 22),
('2020-12-14', 'Deluxe Triple', 22),
('2020-12-14', 'Executive', 2),
('2020-12-14', 'Standard', 9),
('2020-12-15', 'Deluxe Double', 22),
('2020-12-15', 'Deluxe Triple', 22),
('2020-12-15', 'Executive', 2),
('2020-12-15', 'Standard', 9),
('2020-12-16', 'Deluxe Double', 22),
('2020-12-16', 'Deluxe Triple', 22),
('2020-12-16', 'Executive', 2),
('2020-12-16', 'Standard', 9),
('2020-12-17', 'Deluxe Double', 22),
('2020-12-17', 'Deluxe Triple', 22),
('2020-12-17', 'Executive', 2),
('2020-12-17', 'Standard', 9),
('2020-12-18', 'Deluxe Double', 22),
('2020-12-18', 'Deluxe Triple', 22),
('2020-12-18', 'Executive', 2),
('2020-12-18', 'Standard', 9),
('2020-12-19', 'Deluxe Double', 22),
('2020-12-19', 'Deluxe Triple', 22),
('2020-12-19', 'Executive', 2),
('2020-12-19', 'Standard', 9),
('2020-12-20', 'Deluxe Double', 22),
('2020-12-20', 'Deluxe Triple', 22),
('2020-12-20', 'Executive', 2),
('2020-12-20', 'Standard', 9),
('2020-12-21', 'Deluxe Double', 22),
('2020-12-21', 'Deluxe Triple', 22),
('2020-12-21', 'Executive', 2),
('2020-12-21', 'Standard', 9),
('2020-12-22', 'Deluxe Double', 22),
('2020-12-22', 'Deluxe Triple', 22),
('2020-12-22', 'Executive', 2),
('2020-12-22', 'Standard', 9),
('2020-12-23', 'Deluxe Double', 22),
('2020-12-23', 'Deluxe Triple', 22),
('2020-12-23', 'Executive', 2),
('2020-12-23', 'Standard', 9),
('2020-12-24', 'Deluxe Double', 22),
('2020-12-24', 'Deluxe Triple', 22),
('2020-12-24', 'Executive', 2),
('2020-12-24', 'Standard', 9),
('2020-12-25', 'Deluxe Double', 22),
('2020-12-25', 'Deluxe Triple', 22),
('2020-12-25', 'Executive', 2),
('2020-12-25', 'Standard', 9),
('2020-12-26', 'Deluxe Double', 22),
('2020-12-26', 'Deluxe Triple', 22),
('2020-12-26', 'Executive', 2),
('2020-12-26', 'Standard', 9),
('2020-12-27', 'Deluxe Double', 22),
('2020-12-27', 'Deluxe Triple', 22),
('2020-12-27', 'Executive', 2),
('2020-12-27', 'Standard', 9),
('2020-12-28', 'Deluxe Double', 22),
('2020-12-28', 'Deluxe Triple', 22),
('2020-12-28', 'Executive', 2),
('2020-12-28', 'Standard', 9),
('2020-12-29', 'Deluxe Double', 22),
('2020-12-29', 'Deluxe Triple', 22),
('2020-12-29', 'Executive', 2),
('2020-12-29', 'Standard', 9),
('2020-12-30', 'Deluxe Double', 22),
('2020-12-30', 'Deluxe Triple', 22),
('2020-12-30', 'Executive', 2),
('2020-12-30', 'Standard', 9),
('2020-12-31', 'Deluxe Double', 22),
('2020-12-31', 'Deluxe Triple', 22),
('2020-12-31', 'Executive', 2),
('2020-12-31', 'Standard', 9),
('2021-01-01', 'Deluxe Double', 22),
('2021-01-01', 'Deluxe Triple', 22),
('2021-01-01', 'Executive', 2),
('2021-01-01', 'Standard', 9),
('2021-01-02', 'Deluxe Double', 22),
('2021-01-02', 'Deluxe Triple', 22),
('2021-01-02', 'Executive', 2),
('2021-01-02', 'Standard', 9),
('2021-01-03', 'Deluxe Double', 22),
('2021-01-03', 'Deluxe Triple', 22),
('2021-01-03', 'Executive', 2),
('2021-01-03', 'Standard', 9),
('2021-01-04', 'Deluxe Double', 22),
('2021-01-04', 'Deluxe Triple', 22),
('2021-01-04', 'Executive', 2),
('2021-01-04', 'Standard', 9),
('2021-01-05', 'Deluxe Double', 22),
('2021-01-05', 'Deluxe Triple', 22),
('2021-01-05', 'Executive', 2),
('2021-01-05', 'Standard', 9),
('2021-01-06', 'Deluxe Double', 22),
('2021-01-06', 'Deluxe Triple', 22),
('2021-01-06', 'Executive', 2),
('2021-01-06', 'Standard', 9),
('2021-01-07', 'Deluxe Double', 22),
('2021-01-07', 'Deluxe Triple', 22),
('2021-01-07', 'Executive', 2),
('2021-01-07', 'Standard', 9),
('2021-01-08', 'Deluxe Double', 22),
('2021-01-08', 'Deluxe Triple', 22),
('2021-01-08', 'Executive', 2),
('2021-01-08', 'Standard', 9),
('2021-01-09', 'Deluxe Double', 22),
('2021-01-09', 'Deluxe Triple', 22),
('2021-01-09', 'Executive', 2),
('2021-01-09', 'Standard', 9),
('2021-01-10', 'Deluxe Double', 22),
('2021-01-10', 'Deluxe Triple', 22),
('2021-01-10', 'Executive', 2),
('2021-01-10', 'Standard', 9),
('2021-01-11', 'Deluxe Double', 22),
('2021-01-11', 'Deluxe Triple', 22),
('2021-01-11', 'Executive', 2),
('2021-01-11', 'Standard', 9),
('2021-01-12', 'Deluxe Double', 22),
('2021-01-12', 'Deluxe Triple', 22),
('2021-01-12', 'Executive', 2),
('2021-01-12', 'Standard', 9),
('2021-01-13', 'Deluxe Double', 22),
('2021-01-13', 'Deluxe Triple', 22),
('2021-01-13', 'Executive', 2),
('2021-01-13', 'Standard', 9),
('2021-01-14', 'Deluxe Double', 22),
('2021-01-14', 'Deluxe Triple', 22),
('2021-01-14', 'Executive', 2),
('2021-01-14', 'Standard', 9),
('2021-01-15', 'Deluxe Double', 22),
('2021-01-15', 'Deluxe Triple', 22),
('2021-01-15', 'Executive', 2),
('2021-01-15', 'Standard', 9),
('2021-01-16', 'Deluxe Double', 22),
('2021-01-16', 'Deluxe Triple', 22),
('2021-01-16', 'Executive', 2),
('2021-01-16', 'Standard', 9),
('2021-01-17', 'Deluxe Double', 22),
('2021-01-17', 'Deluxe Triple', 22),
('2021-01-17', 'Executive', 2),
('2021-01-17', 'Standard', 9),
('2021-01-18', 'Deluxe Double', 22),
('2021-01-18', 'Deluxe Triple', 22),
('2021-01-18', 'Executive', 2),
('2021-01-18', 'Standard', 9),
('2021-01-19', 'Deluxe Double', 22),
('2021-01-19', 'Deluxe Triple', 22),
('2021-01-19', 'Executive', 2),
('2021-01-19', 'Standard', 9),
('2021-01-20', 'Deluxe Double', 22),
('2021-01-20', 'Deluxe Triple', 22),
('2021-01-20', 'Executive', 2),
('2021-01-20', 'Standard', 9),
('2021-01-21', 'Deluxe Double', 22),
('2021-01-21', 'Deluxe Triple', 22),
('2021-01-21', 'Executive', 2),
('2021-01-21', 'Standard', 9),
('2021-01-22', 'Deluxe Double', 22),
('2021-01-22', 'Deluxe Triple', 22),
('2021-01-22', 'Executive', 2),
('2021-01-22', 'Standard', 9),
('2021-01-23', 'Deluxe Double', 22),
('2021-01-23', 'Deluxe Triple', 22),
('2021-01-23', 'Executive', 2),
('2021-01-23', 'Standard', 9),
('2021-01-24', 'Deluxe Double', 22),
('2021-01-24', 'Deluxe Triple', 22),
('2021-01-24', 'Executive', 2),
('2021-01-24', 'Standard', 9),
('2021-01-25', 'Deluxe Double', 22),
('2021-01-25', 'Deluxe Triple', 22),
('2021-01-25', 'Executive', 2),
('2021-01-25', 'Standard', 9),
('2021-01-26', 'Deluxe Double', 22),
('2021-01-26', 'Deluxe Triple', 22),
('2021-01-26', 'Executive', 2),
('2021-01-26', 'Standard', 9),
('2021-01-27', 'Deluxe Double', 22),
('2021-01-27', 'Deluxe Triple', 22),
('2021-01-27', 'Executive', 2),
('2021-01-27', 'Standard', 9),
('2021-01-28', 'Deluxe Double', 22),
('2021-01-28', 'Deluxe Triple', 22),
('2021-01-28', 'Executive', 2),
('2021-01-28', 'Standard', 9),
('2021-01-29', 'Deluxe Double', 22),
('2021-01-29', 'Deluxe Triple', 22),
('2021-01-29', 'Executive', 2),
('2021-01-29', 'Standard', 9),
('2021-01-30', 'Deluxe Double', 22),
('2021-01-30', 'Deluxe Triple', 22),
('2021-01-30', 'Executive', 2),
('2021-01-30', 'Standard', 9),
('2021-01-31', 'Deluxe Double', 22),
('2021-01-31', 'Deluxe Triple', 22),
('2021-01-31', 'Executive', 2),
('2021-01-31', 'Standard', 9),
('2021-02-01', 'Deluxe Double', 22),
('2021-02-01', 'Deluxe Triple', 22),
('2021-02-01', 'Executive', 2),
('2021-02-01', 'Standard', 9),
('2021-02-02', 'Deluxe Double', 22),
('2021-02-02', 'Deluxe Triple', 22),
('2021-02-02', 'Executive', 2),
('2021-02-02', 'Standard', 9),
('2021-02-03', 'Deluxe Double', 22),
('2021-02-03', 'Deluxe Triple', 22),
('2021-02-03', 'Executive', 2),
('2021-02-03', 'Standard', 9),
('2021-02-04', 'Deluxe Double', 22),
('2021-02-04', 'Deluxe Triple', 22),
('2021-02-04', 'Executive', 2),
('2021-02-04', 'Standard', 9),
('2021-02-05', 'Deluxe Double', 22),
('2021-02-05', 'Deluxe Triple', 22),
('2021-02-05', 'Executive', 2),
('2021-02-05', 'Standard', 9),
('2021-02-06', 'Deluxe Double', 22),
('2021-02-06', 'Deluxe Triple', 22),
('2021-02-06', 'Executive', 2),
('2021-02-06', 'Standard', 9),
('2021-02-07', 'Deluxe Double', 22),
('2021-02-07', 'Deluxe Triple', 22),
('2021-02-07', 'Executive', 2),
('2021-02-07', 'Standard', 9),
('2021-02-08', 'Deluxe Double', 22),
('2021-02-08', 'Deluxe Triple', 22),
('2021-02-08', 'Executive', 2),
('2021-02-08', 'Standard', 9),
('2021-02-09', 'Deluxe Double', 22),
('2021-02-09', 'Deluxe Triple', 22),
('2021-02-09', 'Executive', 2),
('2021-02-09', 'Standard', 9),
('2021-02-10', 'Deluxe Double', 22),
('2021-02-10', 'Deluxe Triple', 22),
('2021-02-10', 'Executive', 2),
('2021-02-10', 'Standard', 9),
('2021-02-11', 'Deluxe Double', 22),
('2021-02-11', 'Deluxe Triple', 22),
('2021-02-11', 'Executive', 2),
('2021-02-11', 'Standard', 9),
('2021-02-12', 'Deluxe Double', 22),
('2021-02-12', 'Deluxe Triple', 22),
('2021-02-12', 'Executive', 2),
('2021-02-12', 'Standard', 9),
('2021-02-13', 'Deluxe Double', 22),
('2021-02-13', 'Deluxe Triple', 22),
('2021-02-13', 'Executive', 2),
('2021-02-13', 'Standard', 9),
('2021-02-14', 'Deluxe Double', 22),
('2021-02-14', 'Deluxe Triple', 22),
('2021-02-14', 'Executive', 2),
('2021-02-14', 'Standard', 9),
('2021-02-15', 'Deluxe Double', 22),
('2021-02-15', 'Deluxe Triple', 22),
('2021-02-15', 'Executive', 2),
('2021-02-15', 'Standard', 9),
('2021-02-16', 'Deluxe Double', 22),
('2021-02-16', 'Deluxe Triple', 22),
('2021-02-16', 'Executive', 2),
('2021-02-16', 'Standard', 9),
('2021-02-17', 'Deluxe Double', 22),
('2021-02-17', 'Deluxe Triple', 22),
('2021-02-17', 'Executive', 2),
('2021-02-17', 'Standard', 9),
('2021-02-18', 'Deluxe Double', 22),
('2021-02-18', 'Deluxe Triple', 22),
('2021-02-18', 'Executive', 2),
('2021-02-18', 'Standard', 9),
('2021-02-19', 'Deluxe Double', 22),
('2021-02-19', 'Deluxe Triple', 22),
('2021-02-19', 'Executive', 2),
('2021-02-19', 'Standard', 9),
('2021-02-20', 'Deluxe Double', 22),
('2021-02-20', 'Deluxe Triple', 22),
('2021-02-20', 'Executive', 2),
('2021-02-20', 'Standard', 9),
('2021-02-21', 'Deluxe Double', 22),
('2021-02-21', 'Deluxe Triple', 22),
('2021-02-21', 'Executive', 2),
('2021-02-21', 'Standard', 9),
('2021-02-22', 'Deluxe Double', 22),
('2021-02-22', 'Deluxe Triple', 22),
('2021-02-22', 'Executive', 2),
('2021-02-22', 'Standard', 9),
('2021-02-23', 'Deluxe Double', 22),
('2021-02-23', 'Deluxe Triple', 22),
('2021-02-23', 'Executive', 2),
('2021-02-23', 'Standard', 9),
('2021-02-24', 'Deluxe Double', 22),
('2021-02-24', 'Deluxe Triple', 22),
('2021-02-24', 'Executive', 2),
('2021-02-24', 'Standard', 9),
('2021-02-25', 'Deluxe Double', 22),
('2021-02-25', 'Deluxe Triple', 22),
('2021-02-25', 'Executive', 2),
('2021-02-25', 'Standard', 9),
('2021-02-26', 'Deluxe Double', 22),
('2021-02-26', 'Deluxe Triple', 22),
('2021-02-26', 'Executive', 2),
('2021-02-26', 'Standard', 9),
('2021-02-27', 'Deluxe Double', 22),
('2021-02-27', 'Deluxe Triple', 22),
('2021-02-27', 'Executive', 2),
('2021-02-27', 'Standard', 9),
('2021-02-28', 'Deluxe Double', 22),
('2021-02-28', 'Deluxe Triple', 22),
('2021-02-28', 'Executive', 2),
('2021-02-28', 'Standard', 9),
('2021-03-01', 'Deluxe Double', 22),
('2021-03-01', 'Deluxe Triple', 22),
('2021-03-01', 'Executive', 2),
('2021-03-01', 'Standard', 9),
('2021-03-02', 'Deluxe Double', 22),
('2021-03-02', 'Deluxe Triple', 22),
('2021-03-02', 'Executive', 2),
('2021-03-02', 'Standard', 9),
('2021-03-03', 'Deluxe Double', 22),
('2021-03-03', 'Deluxe Triple', 22),
('2021-03-03', 'Executive', 2),
('2021-03-03', 'Standard', 9),
('2021-03-04', 'Deluxe Double', 22),
('2021-03-04', 'Deluxe Triple', 22),
('2021-03-04', 'Executive', 2),
('2021-03-04', 'Standard', 9),
('2021-03-05', 'Deluxe Double', 22),
('2021-03-05', 'Deluxe Triple', 22),
('2021-03-05', 'Executive', 2),
('2021-03-05', 'Standard', 9),
('2021-03-06', 'Deluxe Double', 22),
('2021-03-06', 'Deluxe Triple', 22),
('2021-03-06', 'Executive', 2),
('2021-03-06', 'Standard', 9),
('2021-03-07', 'Deluxe Double', 22),
('2021-03-07', 'Deluxe Triple', 22),
('2021-03-07', 'Executive', 2),
('2021-03-07', 'Standard', 9),
('2021-03-08', 'Deluxe Double', 22),
('2021-03-08', 'Deluxe Triple', 22),
('2021-03-08', 'Executive', 2),
('2021-03-08', 'Standard', 9),
('2021-03-09', 'Deluxe Double', 22),
('2021-03-09', 'Deluxe Triple', 22),
('2021-03-09', 'Executive', 2),
('2021-03-09', 'Standard', 9),
('2021-03-10', 'Deluxe Double', 22),
('2021-03-10', 'Deluxe Triple', 22),
('2021-03-10', 'Executive', 2),
('2021-03-10', 'Standard', 9),
('2021-03-11', 'Deluxe Double', 22),
('2021-03-11', 'Deluxe Triple', 22),
('2021-03-11', 'Executive', 2),
('2021-03-11', 'Standard', 9),
('2021-03-12', 'Deluxe Double', 22),
('2021-03-12', 'Deluxe Triple', 22),
('2021-03-12', 'Executive', 2),
('2021-03-12', 'Standard', 9),
('2021-03-13', 'Deluxe Double', 22),
('2021-03-13', 'Deluxe Triple', 22),
('2021-03-13', 'Executive', 2),
('2021-03-13', 'Standard', 9),
('2021-03-14', 'Deluxe Double', 22),
('2021-03-14', 'Deluxe Triple', 22),
('2021-03-14', 'Executive', 2),
('2021-03-14', 'Standard', 9),
('2021-03-15', 'Deluxe Double', 22),
('2021-03-15', 'Deluxe Triple', 22),
('2021-03-15', 'Executive', 2),
('2021-03-15', 'Standard', 9),
('2021-03-16', 'Deluxe Double', 22),
('2021-03-16', 'Deluxe Triple', 22),
('2021-03-16', 'Executive', 2),
('2021-03-16', 'Standard', 9),
('2021-03-17', 'Deluxe Double', 22),
('2021-03-17', 'Deluxe Triple', 22),
('2021-03-17', 'Executive', 2),
('2021-03-17', 'Standard', 9),
('2021-03-18', 'Deluxe Double', 22),
('2021-03-18', 'Deluxe Triple', 22),
('2021-03-18', 'Executive', 2),
('2021-03-18', 'Standard', 9),
('2021-03-19', 'Deluxe Double', 22),
('2021-03-19', 'Deluxe Triple', 22),
('2021-03-19', 'Executive', 2),
('2021-03-19', 'Standard', 9),
('2021-03-20', 'Deluxe Double', 22),
('2021-03-20', 'Deluxe Triple', 22),
('2021-03-20', 'Executive', 2),
('2021-03-20', 'Standard', 9),
('2021-03-21', 'Deluxe Double', 22),
('2021-03-21', 'Deluxe Triple', 22),
('2021-03-21', 'Executive', 2),
('2021-03-21', 'Standard', 9),
('2021-03-22', 'Deluxe Double', 22),
('2021-03-22', 'Deluxe Triple', 22),
('2021-03-22', 'Executive', 2),
('2021-03-22', 'Standard', 9),
('2021-03-23', 'Deluxe Double', 22),
('2021-03-23', 'Deluxe Triple', 22),
('2021-03-23', 'Executive', 2),
('2021-03-23', 'Standard', 9),
('2021-03-24', 'Deluxe Double', 22),
('2021-03-24', 'Deluxe Triple', 22),
('2021-03-24', 'Executive', 2),
('2021-03-24', 'Standard', 9),
('2021-03-25', 'Deluxe Double', 22),
('2021-03-25', 'Deluxe Triple', 22),
('2021-03-25', 'Executive', 2),
('2021-03-25', 'Standard', 9),
('2021-03-26', 'Deluxe Double', 22),
('2021-03-26', 'Deluxe Triple', 22),
('2021-03-26', 'Executive', 2),
('2021-03-26', 'Standard', 9),
('2021-03-27', 'Deluxe Double', 22),
('2021-03-27', 'Deluxe Triple', 22),
('2021-03-27', 'Executive', 2),
('2021-03-27', 'Standard', 9),
('2021-03-28', 'Deluxe Double', 22),
('2021-03-28', 'Deluxe Triple', 22),
('2021-03-28', 'Executive', 2),
('2021-03-28', 'Standard', 9),
('2021-03-29', 'Deluxe Double', 22),
('2021-03-29', 'Deluxe Triple', 22),
('2021-03-29', 'Executive', 2),
('2021-03-29', 'Standard', 9),
('2021-03-30', 'Deluxe Double', 22),
('2021-03-30', 'Deluxe Triple', 22),
('2021-03-30', 'Executive', 2),
('2021-03-30', 'Standard', 9),
('2021-03-31', 'Deluxe Double', 22),
('2021-03-31', 'Deluxe Triple', 22),
('2021-03-31', 'Executive', 2),
('2021-03-31', 'Standard', 9),
('2021-04-01', 'Deluxe Double', 22),
('2021-04-01', 'Deluxe Triple', 22),
('2021-04-01', 'Executive', 2),
('2021-04-01', 'Standard', 9),
('2021-04-02', 'Deluxe Double', 22),
('2021-04-02', 'Deluxe Triple', 22),
('2021-04-02', 'Executive', 2),
('2021-04-02', 'Standard', 9),
('2021-04-03', 'Deluxe Double', 22),
('2021-04-03', 'Deluxe Triple', 22),
('2021-04-03', 'Executive', 2),
('2021-04-03', 'Standard', 9),
('2021-04-04', 'Deluxe Double', 22),
('2021-04-04', 'Deluxe Triple', 22),
('2021-04-04', 'Executive', 2),
('2021-04-04', 'Standard', 9),
('2021-04-05', 'Deluxe Double', 22),
('2021-04-05', 'Deluxe Triple', 22),
('2021-04-05', 'Executive', 2),
('2021-04-05', 'Standard', 9),
('2021-04-06', 'Deluxe Double', 22),
('2021-04-06', 'Deluxe Triple', 22),
('2021-04-06', 'Executive', 2),
('2021-04-06', 'Standard', 9),
('2021-04-07', 'Deluxe Double', 22),
('2021-04-07', 'Deluxe Triple', 22),
('2021-04-07', 'Executive', 2),
('2021-04-07', 'Standard', 9),
('2021-04-08', 'Deluxe Double', 22),
('2021-04-08', 'Deluxe Triple', 22),
('2021-04-08', 'Executive', 2),
('2021-04-08', 'Standard', 9),
('2021-04-09', 'Deluxe Double', 22),
('2021-04-09', 'Deluxe Triple', 22),
('2021-04-09', 'Executive', 2),
('2021-04-09', 'Standard', 9),
('2021-04-10', 'Deluxe Double', 22),
('2021-04-10', 'Deluxe Triple', 22),
('2021-04-10', 'Executive', 2),
('2021-04-10', 'Standard', 9),
('2021-04-11', 'Deluxe Double', 22),
('2021-04-11', 'Deluxe Triple', 22),
('2021-04-11', 'Executive', 2),
('2021-04-11', 'Standard', 9),
('2021-04-12', 'Deluxe Double', 22),
('2021-04-12', 'Deluxe Triple', 22),
('2021-04-12', 'Executive', 2),
('2021-04-12', 'Standard', 9),
('2021-04-13', 'Deluxe Double', 22),
('2021-04-13', 'Deluxe Triple', 22),
('2021-04-13', 'Executive', 2),
('2021-04-13', 'Standard', 9),
('2021-04-14', 'Deluxe Double', 22),
('2021-04-14', 'Deluxe Triple', 22),
('2021-04-14', 'Executive', 2),
('2021-04-14', 'Standard', 9),
('2021-04-15', 'Deluxe Double', 22),
('2021-04-15', 'Deluxe Triple', 22),
('2021-04-15', 'Executive', 2),
('2021-04-15', 'Standard', 9),
('2021-04-16', 'Deluxe Double', 22),
('2021-04-16', 'Deluxe Triple', 22),
('2021-04-16', 'Executive', 2),
('2021-04-16', 'Standard', 9),
('2021-04-17', 'Deluxe Double', 22),
('2021-04-17', 'Deluxe Triple', 22),
('2021-04-17', 'Executive', 2),
('2021-04-17', 'Standard', 9),
('2021-04-18', 'Deluxe Double', 22),
('2021-04-18', 'Deluxe Triple', 22),
('2021-04-18', 'Executive', 2),
('2021-04-18', 'Standard', 9),
('2021-04-19', 'Deluxe Double', 22),
('2021-04-19', 'Deluxe Triple', 22),
('2021-04-19', 'Executive', 2),
('2021-04-19', 'Standard', 9),
('2021-04-20', 'Deluxe Double', 22),
('2021-04-20', 'Deluxe Triple', 22),
('2021-04-20', 'Executive', 2),
('2021-04-20', 'Standard', 9),
('2021-04-21', 'Deluxe Double', 22),
('2021-04-21', 'Deluxe Triple', 22),
('2021-04-21', 'Executive', 2),
('2021-04-21', 'Standard', 9),
('2021-04-22', 'Deluxe Double', 22),
('2021-04-22', 'Deluxe Triple', 22),
('2021-04-22', 'Executive', 2),
('2021-04-22', 'Standard', 9),
('2021-04-23', 'Deluxe Double', 22),
('2021-04-23', 'Deluxe Triple', 22),
('2021-04-23', 'Executive', 2),
('2021-04-23', 'Standard', 9),
('2021-04-24', 'Deluxe Double', 22),
('2021-04-24', 'Deluxe Triple', 22),
('2021-04-24', 'Executive', 2),
('2021-04-24', 'Standard', 9),
('2021-04-25', 'Deluxe Double', 22),
('2021-04-25', 'Deluxe Triple', 22),
('2021-04-25', 'Executive', 2),
('2021-04-25', 'Standard', 9),
('2021-04-26', 'Deluxe Double', 22),
('2021-04-26', 'Deluxe Triple', 22),
('2021-04-26', 'Executive', 2),
('2021-04-26', 'Standard', 9),
('2021-04-27', 'Deluxe Double', 22),
('2021-04-27', 'Deluxe Triple', 22),
('2021-04-27', 'Executive', 2),
('2021-04-27', 'Standard', 9),
('2021-04-28', 'Deluxe Double', 22),
('2021-04-28', 'Deluxe Triple', 22),
('2021-04-28', 'Executive', 2),
('2021-04-28', 'Standard', 9),
('2021-04-29', 'Deluxe Double', 22),
('2021-04-29', 'Deluxe Triple', 22),
('2021-04-29', 'Executive', 2),
('2021-04-29', 'Standard', 9),
('2021-04-30', 'Deluxe Double', 22),
('2021-04-30', 'Deluxe Triple', 22),
('2021-04-30', 'Executive', 2),
('2021-04-30', 'Standard', 9),
('2021-05-01', 'Deluxe Double', 22),
('2021-05-01', 'Deluxe Triple', 22),
('2021-05-01', 'Executive', 2),
('2021-05-01', 'Standard', 9),
('2021-05-02', 'Deluxe Double', 22),
('2021-05-02', 'Deluxe Triple', 22),
('2021-05-02', 'Executive', 2),
('2021-05-02', 'Standard', 9),
('2021-05-03', 'Deluxe Double', 22),
('2021-05-03', 'Deluxe Triple', 22),
('2021-05-03', 'Executive', 2),
('2021-05-03', 'Standard', 9),
('2021-05-04', 'Deluxe Double', 22),
('2021-05-04', 'Deluxe Triple', 22),
('2021-05-04', 'Executive', 2),
('2021-05-04', 'Standard', 9),
('2021-05-05', 'Deluxe Double', 22),
('2021-05-05', 'Deluxe Triple', 22),
('2021-05-05', 'Executive', 2),
('2021-05-05', 'Standard', 9),
('2021-05-06', 'Deluxe Double', 22),
('2021-05-06', 'Deluxe Triple', 22),
('2021-05-06', 'Executive', 2),
('2021-05-06', 'Standard', 9),
('2021-05-07', 'Deluxe Double', 22),
('2021-05-07', 'Deluxe Triple', 22),
('2021-05-07', 'Executive', 2),
('2021-05-07', 'Standard', 9),
('2021-05-08', 'Deluxe Double', 22),
('2021-05-08', 'Deluxe Triple', 22),
('2021-05-08', 'Executive', 2),
('2021-05-08', 'Standard', 9),
('2021-05-09', 'Deluxe Double', 22),
('2021-05-09', 'Deluxe Triple', 22),
('2021-05-09', 'Executive', 2),
('2021-05-09', 'Standard', 9);

--
-- Indexes for dumped tables
--

--
-- Indexes for table `account`
--
ALTER TABLE `account`
  ADD PRIMARY KEY (`ACC_ID`);

--
-- Indexes for table `payment`
--
ALTER TABLE `payment`
  ADD PRIMARY KEY (`RES_FROM`,`ACC_ID`,`ROOM_TYPE`),
  ADD KEY `PAY_ACC_ID_FK` (`ACC_ID`),
  ADD KEY `PAY_ROOM_TYPE_FK` (`ROOM_TYPE`);

--
-- Indexes for table `promotion`
--
ALTER TABLE `promotion`
  ADD PRIMARY KEY (`PROMO_CODE`),
  ADD UNIQUE KEY `promo` (`PROMO_CODE`);

--
-- Indexes for table `reservation`
--
ALTER TABLE `reservation`
  ADD PRIMARY KEY (`RES_FROM`,`ACC_ID`,`ROOM_TYPE`),
  ADD KEY `RES_ACC_ID_FK` (`ACC_ID`),
  ADD KEY `RES_ROOM_TYPE_FK` (`ROOM_TYPE`);

--
-- Indexes for table `room`
--
ALTER TABLE `room`
  ADD PRIMARY KEY (`ROOM_TYPE`);

--
-- Indexes for table `vacancies`
--
ALTER TABLE `vacancies`
  ADD PRIMARY KEY (`DATE`,`ROOM_TYPE`),
  ADD KEY `VA_ROOM_TYPE_FK` (`ROOM_TYPE`);

--
-- Constraints for dumped tables
--

--
-- Constraints for table `payment`
--
ALTER TABLE `payment`
  ADD CONSTRAINT `PAY_ACC_ID_FK` FOREIGN KEY (`ACC_ID`) REFERENCES `account` (`ACC_ID`) ON DELETE CASCADE ON UPDATE CASCADE;

--
-- Constraints for table `reservation`
--
ALTER TABLE `reservation`
  ADD CONSTRAINT `RES_ACC_ID_FK` FOREIGN KEY (`ACC_ID`) REFERENCES `account` (`ACC_ID`) ON DELETE CASCADE ON UPDATE CASCADE;

--
-- Constraints for table `vacancies`
--
ALTER TABLE `vacancies`
  ADD CONSTRAINT `VA_ROOM_TYPE_FK` FOREIGN KEY (`ROOM_TYPE`) REFERENCES `room` (`ROOM_TYPE`) ON DELETE CASCADE ON UPDATE CASCADE;
COMMIT;

/*!40101 SET CHARACTER_SET_CLIENT=@OLD_CHARACTER_SET_CLIENT */;
/*!40101 SET CHARACTER_SET_RESULTS=@OLD_CHARACTER_SET_RESULTS */;
/*!40101 SET COLLATION_CONNECTION=@OLD_COLLATION_CONNECTION */;
